nrbits,toffoli_desc_conf,nr_qubits_output,depth_input,depth_output,process_time
4,8813853132,16,37,198,6.763619
4,6222512133,19,37,213,6.405569999999999
4,74121214555,21,37,237,7.732018
4,56210914512,19,37,186,5.602537999999999
4,368763142,22,37,235,7.308940999999997
4,293614948,19,37,181,5.006183
4,136388141214,19,37,218,6.8328890000000015
4,414356575,24,37,235,8.345317999999999
4,38741414412,20,37,225,6.861491000000001
4,713292844,20,37,203,6.392863999999996
4,8101471011610,26,37,180,5.504308999999992
4,7614115999,17,37,191,6.8184069999999934
4,12313562912,16,37,195,5.458231999999995
4,1213141155144,16,37,195,6.00135800000001
4,6832312510,23,37,196,7.210825
4,2101061231112,19,37,160,4.961570999999992
4,3107128131411,18,37,182,5.187291000000002
4,21221461264,19,37,201,6.492661999999996
4,4365512712,22,37,221,8.888745
4,131041481268,15,37,184,4.870401999999999
4,12132349138,18,37,173,4.771305999999981
4,13121363101114,18,37,169,4.341708000000011
4,584551054,18,37,193,7.478087000000016
4,1138103642,20,37,192,6.025295
4,8103564114,20,37,232,8.218803000000008
4,651079458,22,37,247,9.729666000000009
4,14981066913,17,37,195,6.032125000000008
4,331114811134,24,37,215,7.601157000000001
4,1331399121313,14,37,159,3.9840650000000153
4,12631337212,28,37,246,8.072791999999993
4,71113142121213,21,37,210,6.00643500000001
4,9141191013119,19,37,144,4.074121000000019
4,9913106838,18,37,181,5.528573999999992
4,7131041211118,19,37,221,7.208401000000009
4,3687131332,21,37,245,8.129896000000002
4,91192113313,20,37,181,4.732984999999985
4,1114811881213,25,37,250,9.308482999999995
4,61257661010,15,37,197,8.097604999999987
4,911134514413,21,37,196,5.532665000000009
4,134814591210,20,37,182,4.409500000000037
4,78512412106,15,37,201,7.1046159999999645
4,142224677,18,37,223,6.146401000000026
4,391412146108,17,37,173,3.9953709999999774
4,1210119812105,24,37,168,5.243246999999997
4,13141212114119,17,37,161,4.414630999999986
4,581441014811,17,37,176,5.590015999999991
4,72511412311,23,37,237,10.251919000000044
4,1012117710513,22,37,193,6.4001480000000015
4,121347610142,17,37,176,4.986616999999967
4,3810214264,22,37,185,6.002626000000021
4,51281089106,27,37,196,7.45702
4,7145313683,25,37,243,8.335377999999992
4,149108211146,18,37,190,5.367490999999973
4,4891310249,17,37,176,4.6545150000000035
4,454562143,16,37,203,6.532066999999984
4,61188108612,20,37,251,11.261979999999994
4,10291028312,24,37,155,4.132043999999951
4,311128135810,21,37,198,7.090027999999961
4,9142867145,18,37,198,6.1553499999999985
4,141188143711,28,37,237,10.007023000000004
4,13241427143,22,37,201,4.7826559999999745
4,1311281413613,16,37,203,6.413698000000011
4,4676141483,25,37,237,9.272417000000019
4,56138129813,18,37,223,9.25597399999998
4,314114913145,17,37,157,4.206492999999966
4,149118251010,20,37,158,4.371219999999994
4,5851439113,17,37,227,8.326517999999965
4,3124913735,24,37,194,5.440628000000004
4,6711461479,21,37,237,10.772918000000004
4,113741310612,18,37,201,7.449315000000013
4,9145322613,20,37,172,5.077575000000024
4,4355118411,23,37,217,8.273983000000044
4,1147441474,26,37,209,7.667835000000025
4,7543210711,18,37,206,7.595261999999991
4,5510238137,17,37,197,5.9723769999999945
4,971213122136,19,37,180,5.246494000000041
4,654111014142,19,37,206,5.843623999999977
4,1276281153,19,37,237,10.073198000000048
4,10131012211115,21,37,167,5.044206000000031
4,241155683,20,37,241,9.257765999999947
4,559101311108,21,37,165,6.263743999999974
4,812913141236,23,37,198,5.976008999999976
4,13632411116,19,37,231,8.850309000000038
4,12698146613,18,37,210,7.158651999999961
4,61211413254,22,37,200,7.442424999999957
4,5101094353,18,37,160,4.76719700000001
4,8133445137,18,37,208,7.067019000000073
4,564910838,22,37,207,7.49397799999997
4,962711525,21,37,214,7.113126999999963
4,1111592827,19,37,228,9.107602999999926
4,661211114129,21,37,239,11.10798299999999
4,11810364123,17,37,211,7.57051899999999
4,814128144127,25,37,204,7.369913999999994
4,1141414131082,19,37,173,5.376004999999964
4,436923126,22,37,196,6.7048659999999245
4,12891314283,17,37,192,6.080558999999994
4,13755814710,16,37,215,7.615741000000071
4,129371081014,25,37,181,5.28430000000003
4,235910926,17,37,194,5.112572
4,41421112846,15,37,223,7.331111999999962
5,771314987669,23,46,329,17.92303400000003
5,141071010741176,24,46,253,10.249911999999995
5,1196146121314410,22,46,233,8.887952000000041
5,751293431286,20,46,301,12.838204000000019
5,41010313479114,19,46,231,7.801628999999934
5,10514141010118714,25,46,222,8.158539000000019
5,976632124135,26,46,276,14.063765999999987
5,12211141310131486,21,46,233,8.66645399999993
5,955611281184,23,46,320,16.13061199999993
5,343314129457,23,46,241,8.940351999999962
5,421171012127812,22,46,292,12.548287999999957
5,85714914491111,24,46,259,13.42474100000004
5,861051014106135,17,46,228,10.085807999999929
5,913108142148133,21,46,230,7.0640469999999596
5,3106821133913,21,46,232,8.929695000000038
5,24498982128,24,46,280,9.60700399999996
5,55117128101257,20,46,288,15.096218000000022
5,1086101172697,20,46,269,12.738129000000072
5,12265106910310,21,46,186,6.584257999999977
5,139286946136,23,46,255,10.869245999999976
5,1071412810614147,20,46,207,8.34582899999998
5,1022211121314414,26,46,197,6.749794999999949
5,212510611431112,19,46,255,10.621451999999977
5,466211694133,25,46,281,12.427367000000004
5,410672101431410,21,46,213,6.915636999999947
5,14107391252610,27,46,241,10.601015999999959
5,14736814141269,22,46,251,10.839634000000046
5,71359106813149,21,46,250,9.345895000000041
5,1049137813229,21,46,223,7.803518000000054
5,7122477121347,27,46,274,13.302086000000031
5,3212141410138123,27,46,233,6.621970000000033
5,611659922138,20,46,270,13.574474999999893
5,913510121314873,26,46,227,9.13858700000003
5,34111371314121412,24,46,256,9.235830000000078
5,3797111010787,23,46,255,11.120029999999815
5,68141484107214,27,46,262,11.420623999999862
5,539126944149,21,46,210,8.637772999999925
5,12141243813111013,23,46,226,8.178844000000026
5,106131314391273,23,46,217,8.320382999999993
5,491411210661211,20,46,241,8.943378999999823
5,761441344688,22,46,318,16.23346300000003
5,66941314121374,22,46,260,10.470475999999962
5,4213101051013811,22,46,195,6.6051219999999375
5,103864410476,25,46,266,12.05306799999994
5,41012131351271110,23,46,222,7.652448999999933
5,1258101441413212,25,46,245,7.93416400000001
5,111451031147134,23,46,271,12.533194999999978
5,613131071142412,19,46,258,10.39104199999997
5,101198131151227,19,46,266,12.529560000000174
5,411412313311115,20,46,274,12.563741000000164
5,31177105610113,26,46,270,12.314581999999973
5,3913109747135,22,46,261,9.408048999999892
5,31312779105410,24,46,214,8.094863999999916
5,143111112293135,22,46,221,8.761981999999989
5,7651231212654,18,46,271,13.345252999999957
5,10913312107855,23,46,226,8.750880999999936
5,1112911537952,27,46,260,14.511225999999851
5,13521074144814,24,46,238,10.013711999999941
5,531164714131212,28,46,270,13.162005000000136
5,71191091499134,20,46,216,8.238366999999926
5,410129141211848,31,46,276,10.930159999999887
5,13341242313513,18,46,227,7.299095000000079
5,34124514131146,23,46,243,9.930004000000054
5,741041431112128,17,46,274,10.595557000000099
5,97862773912,21,46,348,15.938906000000088
5,11448411912143,22,46,267,11.139114000000063
5,74999148254,21,46,261,10.183025999999927
5,13921264612109,32,46,242,8.157866999999897
5,73141414101212814,21,46,221,7.634862999999996
5,621214714661012,19,46,260,10.431988000000047
5,1471371191012117,23,46,257,11.160389000000123
5,812342311948,20,46,292,11.939975000000004
5,14614713113664,20,46,283,12.886894999999868
5,449510142111213,26,46,245,8.203779000000168
5,453121312913127,23,46,219,8.743330000000014
5,84101346981212,22,46,255,10.232610999999906
5,61113396514811,18,46,311,15.482009999999946
5,21231341310425,26,46,208,7.485194999999976
5,836836131179,26,46,296,17.047644999999875
5,6117771093123,31,46,321,16.634647000000086
5,13111321241310102,21,46,213,6.577567000000045
5,7113636514213,21,46,268,12.787162999999964
5,612464132233,20,46,257,9.815683000000035
5,131410412141271114,24,46,241,7.392356999999947
5,14754141051498,31,46,203,9.362818999999945
5,25312141196106,25,46,270,10.91577600000005
5,1328413721194,29,46,277,12.032646999999997
5,1014114674784,22,46,277,11.282435000000078
5,812914512141245,21,46,246,9.249105999999983
5,57641393267,19,46,278,12.497910000000047
5,134119103121487,22,46,233,8.181308999999828
5,714525912101014,22,46,215,8.0867760000001
5,5101311321431312,25,46,212,7.515491000000111
5,5144111221112103,16,46,202,7.113963999999896
5,1171431011134115,19,46,253,10.269268000000011
5,11211283461113,21,46,305,15.14890000000014
5,11211456135410,22,46,246,11.590966000000208
5,513979694514,24,46,242,9.441485000000057
5,62621271210123,18,46,259,10.06911100000002
5,895442531010,21,46,211,7.215521000000081
6,136131131312115626,29,55,329,20.449802999999974
6,314213562511563,29,55,344,22.224508999999898
6,13371291381186310,26,55,332,15.925645999999915
6,58139114710141275,23,55,290,15.80538700000011
6,109105211529698,28,55,277,13.940997000000152
6,1312111413731376133,25,55,323,14.582321999999976
6,1312932991414989,23,55,225,8.146091999999953
6,28410117131334614,27,55,332,17.37911199999985
6,653886211891311,31,55,329,23.801208000000088
6,852131137991296,24,55,291,16.349889000000076
6,639489125129148,30,55,324,17.524527000000035
6,95116126911109127,32,55,332,20.779532000000017
6,101398446132989,27,55,270,11.246141999999963
6,4144115131013611611,37,55,354,22.42793000000006
6,2139578414210114,22,55,290,13.718375000000151
6,146413111013271496,31,55,325,16.095391999999947
6,113713613141331086,22,55,290,15.354579000000058
6,2481038976272,27,55,331,18.562905
6,839371210414727,26,55,316,15.381812000000082
6,88111010475111032,24,55,303,18.043261999999913
6,9103576121291257,28,55,350,18.655407000000196
6,623728911123148,24,55,348,19.76420599999983
6,513136413361351210,24,55,320,16.77199500000006
6,1331334810212141311,19,55,295,10.495062999999845
6,1213113109134128149,24,55,288,10.114570000000185
6,236111110811811106,28,55,313,20.202315
6,76581081421431310,27,55,292,15.036560000000009
6,75121061391411857,28,55,312,21.011601000000155
6,8228111421457103,25,55,297,15.570940000000064
6,2211310129371242,24,55,279,12.972001000000091
6,101014514226912410,26,55,249,8.990449000000353
6,78612211933449,28,55,320,18.59540399999969
6,2136221310999109,21,55,241,7.344970000000103
6,3710991161478311,26,55,325,16.114289999999983
6,1245129251498710,24,55,286,12.764572999999928
6,214811102353879,24,55,314,16.14264400000002
6,2271011941096812,25,55,305,12.711175999999796
6,772589111098125,25,55,338,18.77382800000032
6,21210123671324128,25,55,298,13.314298000000235
6,71448221313912613,23,55,314,15.004881999999725
6,7948141321361185,20,55,312,17.832432000000153
6,44714131099712514,25,55,303,12.871572999999898
6,10146111481211132132,22,55,289,12.757787999999891
6,138337141314891212,27,55,310,13.254093000000012
6,457122462311210,23,55,299,14.201454999999896
6,413351012141211227,25,55,281,12.15551000000005
6,391441413723245,28,55,286,11.212007000000085
6,1043499851481311,28,55,284,12.75108199999977
6,26141131132131246,27,55,353,19.891653000000133
6,14449133326626,23,55,300,11.671526000000085
6,14354134141310374,26,55,278,10.912295000000086
6,913241197510294,21,55,279,11.27363299999979
6,1131310510238111414,24,55,248,10.350434999999834
6,77108141171411297,25,55,308,19.1359080000002
6,7658761413138102,29,55,358,25.712567000000035
6,13469146476677,26,55,400,24.923142999999982
6,1051226131414105414,28,55,237,9.38498699999991
6,147128141091092313,21,55,262,10.086101999999755
6,9551341012475113,28,55,320,17.3017319999999
6,5123133135613427,25,55,296,16.01787400000012
6,1252313148261394,22,55,296,13.875233000000208
6,36926101269275,23,55,305,15.484175999999934
6,1298414436131089,27,55,261,11.838322000000062
6,107141311146111014814,21,55,260,11.148313000000144
6,1010143331257855,31,55,305,13.326575000000048
6,115139711111156138,31,55,334,26.581629000000248
6,278123612983137,24,55,351,20.64389799999981
6,1414479135587312,26,55,329,14.984645
6,7441271347127118,22,55,354,19.851134000000002
6,12244281243236,22,55,311,14.113812000000053
6,72142514611912117,22,55,285,15.739220999999816
6,912116929314101010,31,55,232,8.215162999999848
6,1241310712146136811,22,55,308,15.910154000000148
6,2327148892964,26,55,327,16.506574
6,986101210831111148,26,55,333,18.371298999999908
6,336343107114312,23,55,276,12.512374999999793
6,105510131144713713,41,55,296,17.793033999999807
6,13384131274910413,23,55,261,10.551394999999957
6,7457914811413134,32,55,343,21.152126999999837
6,1041194767111228,26,55,338,21.05267300000014
6,77133614102791113,31,55,327,17.742587000000185
6,710931212511514513,34,55,282,16.335969999999634
6,1412479221086117,28,55,332,16.71081499999991
6,105138667378146,20,55,333,20.4155310000001
6,6212314899102511,25,55,298,12.551962999999887
6,11910115664410712,28,55,351,20.814916000000267
6,1225812121312148711,24,55,312,16.294864999999845
6,1373885771011136,23,55,344,24.55049999999983
6,6911251112278115,21,55,333,23.900418000000172
6,1312810722651328,23,55,304,17.343131000000085
6,9135109106539911,29,55,262,12.209675999999945
6,713981311104148414,27,55,272,12.234342999999626
6,23510511102123413,23,55,282,11.713192000000163
6,3349124129101483,24,55,272,10.363839999999982
6,261069928861111,21,55,307,19.02228500000001
6,581010562310823,25,55,282,15.561949999999797
6,891111381153131211,27,55,352,24.301968000000215
6,2101449141331381113,33,55,297,11.23851300000024
6,1395101295121013126,29,55,271,11.61674099999982
6,54111374101281424,28,55,297,16.286723999999595
7,26131361391113131411713,26,64,340,23.12581199999977
7,89128911586914784,36,64,431,38.33547399999998
7,71373211335731243,26,64,401,29.708398000000216
7,51334365510884512,28,64,407,31.136227999999846
7,751311564412131111136,28,64,413,36.555369000000155
7,3141286131068971089,39,64,400,27.279328000000078
7,1014922122410511131014,31,64,291,12.781633000000056
7,214771110131371035106,32,64,340,21.63889300000028
7,12385713102121312552,28,64,355,25.319868000000042
7,103116412410109113128,23,64,310,18.824878999999783
7,12912521294912138137,23,64,314,18.487883000000238
7,1441014814814333101110,24,64,295,12.451264999999694
7,9268101081141162910,30,64,373,24.9785710000001
7,2694747141413414122,33,64,368,24.004566000000068
7,13698134101310639510,31,64,318,18.404535000000124
7,41429107114131331292,32,64,356,17.72172499999988
7,9514875141084812314,35,64,387,25.68127500000037
7,21441391064101342214,34,64,325,14.46256799999992
7,59763341011121013712,33,64,387,25.168166000000383
7,412101113591114865102,27,64,323,20.922373999999763
7,11128101374714749146,23,64,396,27.744496999999683
7,138781210101213126694,32,64,337,25.981360000000222
7,13522741451371314105,36,64,387,21.39849099999992
7,582111494311511638,27,64,394,32.88543499999969
7,131414710753911991414,22,64,301,15.716231999999764
7,2141356113312871143,29,64,392,28.556162999999742
7,9147311119134476614,38,64,380,28.331623000000036
7,141245138241289979,30,64,383,24.941353999999592
7,2711127116925131272,40,64,411,34.72728300000017
7,685614714113225811,29,64,451,37.718009000000166
7,14644141056104381312,39,64,392,21.849013000000014
7,76147758118212537,27,64,473,43.718741999999565
7,11137965101310259712,34,64,372,27.014470000000074
7,1113138354531210788,26,64,417,27.71709700000065
7,344541061311813455,31,64,401,24.64818699999978
7,81251222149291211109,26,64,327,15.123051999999916
7,710831031441256111010,31,64,314,15.827065999999832
7,1065131133135571185,28,64,404,33.971644999999626
7,469710512131481091312,30,64,341,18.556870999999774
7,1357264583126254,27,64,394,30.336733000000095
7,3112514141414610610104,30,64,281,14.397304000000076
7,6111455967812101126,33,64,432,37.43583200000012
7,21391291013147652116,25,64,376,20.143471999999747
7,1359755114126121192,25,64,383,26.464748000000327
7,7510441042841213412,28,64,355,21.688454000000092
7,131384881012747675,28,64,440,31.646104000000378
7,751429414342101378,30,64,317,17.38492000000042
7,813211141139136103512,30,64,362,21.078606000000036
7,1114248712612310944,32,64,374,20.72875000000022
7,12104679810461213711,25,64,394,24.21128099999987
7,1011731041421412931211,31,64,338,16.935333999999784
7,46114810133556966,25,64,377,29.692597999999634
7,143101024412101299119,34,64,273,11.891775000000052
7,1394281348124124210,29,64,338,15.484723999999915
7,3131213712121210613422,28,64,307,14.236229000000094
7,1236229911812101489,28,64,351,20.061823999999433
7,81354131048352121212,31,64,398,22.983000000000175
7,1210119212981123786,37,64,413,31.817392999999356
7,103131414241141426107,25,64,286,12.232551000000058
7,1012871344629214711,31,64,399,24.79335600000013
7,913121012851414514111314,35,64,290,14.15800599999966
7,1021441112142142135210,38,64,341,14.705471999999645
7,9116714141191097554,30,64,350,25.635520999999244
7,79149275121391091114,27,64,317,17.144536999999218
7,9132512231381135139,27,64,365,18.922436999999263
7,42623896451113813,22,64,388,26.487482999999884
7,1412714948561336129,33,64,371,21.091097999999874
7,71241382666514492,27,64,423,30.867577999999412
7,214221214612814614145,29,64,366,18.61487699999998
7,141051459356119289,34,64,352,23.803054999999404
7,123561361210511414414,32,64,333,19.90998800000034
7,5109214310335148510,33,64,279,13.56523500000003
7,9971111451227111035,32,64,426,29.388401000000158
7,34131331014321013496,24,64,298,10.72925000000032
7,128141014141211273784,33,64,354,18.92072999999982
7,9111341354528105137,30,64,363,24.456293999999616
7,912810101114811812995,28,64,369,23.179435000000012
7,8813121346147375146,32,64,393,29.662238000000798
7,651414813115135101159,33,64,355,24.615211000000272
7,59414116795115486,32,64,404,34.61315100000047
7,10111431410121313143632,34,64,328,13.943064999999478
7,712125412271223288,26,64,394,27.7574139999997
7,1471451142949941310,26,64,340,19.69572100000005
7,1081413574111481112106,26,64,391,25.686352000000625
7,11571187971339243,34,64,409,35.11964100000023
7,72689843855659,30,64,430,39.973997000000054
7,7866671042691329,25,64,440,33.114362999999685
7,446453241113621310,28,64,361,21.392632999999478
7,21312611115144213121114,30,64,388,21.938060999999834
7,96101394378335411,27,64,358,18.5477520000004
7,21012131214641281341312,26,64,340,16.59710499999983
7,5310141054112271184,33,64,364,24.439742999999908
7,107696121161336394,24,64,359,25.448648000000503
7,91185127128549493,26,64,405,32.08820199999991
7,3132211551310934104,32,64,316,15.135142000000087
7,61010125611212562213,29,64,334,24.886876999999913
7,2661213102611711101413,31,64,379,24.33082700000068
7,1112613587275111277,41,64,482,48.566508999999314
7,811139992913321496,28,64,316,16.74269699999968
7,813273101011511310149,29,64,319,17.28431300000011
8,1474261310109551010131214,28,73,336,17.83309400000053
8,210391031313974810269,34,73,354,16.25546899999972
8,38131111610141313129105118,42,73,393,33.1095379999997
8,768112391211776731014,35,73,469,47.00568399999975
8,7101231278210813445310,35,73,407,26.499793999999383
8,2231465131481412671469,30,73,399,32.71545099999912
8,8136101151414391367111411,30,73,418,40.77529700000014
8,671313791232699713712,33,73,461,40.94268099999954
8,271051135243149251013,32,73,359,27.08293599999979
8,691311111111711144498136,36,73,526,48.163730000000214
8,1157714103132641014333,32,73,446,32.37668200000007
8,7121041212121249213661412,34,73,393,27.392877999999655
8,781412545131010738439,31,73,388,31.103933000000325
8,231110256591361461093,27,73,374,25.4622530000006
8,9314712465257144333,36,73,410,28.78237899999931
8,749314912131211614121259,27,73,401,26.887291999999434
8,61112141375251151112699,33,73,452,49.18107400000008
8,138911233113611131414108,31,73,427,29.24219499999981
8,132441089944410413128,39,73,395,20.333799999999428
8,128145101188674682123,37,73,463,43.2171529999996
8,7613526412313132331311,28,73,402,35.09100500000022
8,8121259513285812771014,31,73,509,47.327839000000495
8,776135131341314111391448,27,73,430,36.57023200000003
8,12714297123102107115127,32,73,413,30.750530999999683
8,115131324713772293313,34,73,405,30.468354999999974
8,933867339814111031313,35,73,400,25.623348000000078
8,893666139910141014548,31,73,395,30.767133000000285
8,613381314115134971461113,29,73,426,37.14349399999992
8,1257129310136313591062,38,73,373,27.646748000000116
8,2109113391114542142119,32,73,350,21.381122000000687
8,824111337210118610566,31,73,453,40.90866499999993
8,8713122131494262714144,33,73,428,28.349233999999342
8,31235111041162758264,38,73,472,43.30740499999956
8,121211486118107131264112,37,73,493,46.59831099999974
8,101265821156831411922,31,73,418,38.140707999999904
8,53125333210855117136,29,73,401,36.903784999999516
8,131264327913137474127,25,73,409,30.944532000000436
8,129388514410481037134,34,73,403,27.553929000000608
8,2533122510123777131011,32,73,415,33.21139399999993
8,41129131248898696313,28,73,451,37.43500200000017
8,133116125272596410102,34,73,398,28.998595000000023
8,133410111011891411139237,38,73,390,24.5526260000006
8,423221312376836439,45,73,462,32.664370999999846
8,6124108821310124939514,38,73,407,32.56831499999953
8,67143496941484118612,30,73,474,40.297921999999744
8,142911910145573101213102,34,73,376,21.227240000000165
8,6841271339585610101214,40,73,413,36.199431000000004
8,584854141463457101014,30,73,436,30.753082000000177
8,512221212413821243225,39,73,444,30.998149000000012
8,682671351159759462,30,73,465,55.66975000000002
8,55414561191082749814,29,73,454,41.54930699999932
8,31459133148711538823,33,73,431,33.34634199999982
8,9771410512133411116968,37,73,467,39.999056000000564
8,96721012386591392614,36,73,412,35.087289000000055
8,71451410861411412117723,36,73,473,40.91461700000036
8,33995510737213102311,32,73,364,22.775464000000284
8,811122351371072910111411,33,73,430,36.46712099999968
8,41114213141310103212841214,31,73,394,20.568911999999727
8,1068121193729814144116,39,73,439,41.05265000000054
8,121411772386512108141112,31,73,453,40.67676200000005
8,65511361414496852810,30,73,471,43.349175999999716
8,4149144814275141031147,27,73,405,24.668894999999793
8,131397133897613751283,29,73,471,33.13034500000049
8,861314131313386101189142,34,73,444,34.08331099999941
8,1111710141410107111361014611,27,73,377,29.9983000000002
8,11811101411514108728826,26,73,433,39.28980000000047
8,13561477121262783724,36,73,487,48.35648499999934
8,132121359989829146211,36,73,388,27.330933000000186
8,21013125231110513591155,35,73,324,27.01822700000048
8,8132121010128813147210510,34,73,356,18.880008999999518
8,91423371192741191123,35,73,440,27.165329000000384
8,214131334567811768510,28,73,456,38.57771099999991
8,1434128912610131272479,43,73,416,30.8918249999997
8,77324656657121313310,30,73,497,48.595296999999846
8,6101010141211211241213985,32,73,375,25.800398999999743
8,6948439572101461442,38,73,448,36.053485000000364
8,1196138861161137123125,31,73,475,60.029255999999805
8,210894314512481326810,27,73,387,26.918329000000085
8,12743811962146551076,29,73,437,42.156182999999146
8,612222114614145102868,36,73,448,37.302567000000636
8,1014921078121411123142310,29,73,333,16.543212000000494
8,463871213101212210106912,35,73,416,29.303036999999676
8,488141082571112778134,27,73,484,44.024726999999984
8,513476129927811510210,35,73,416,33.385668000000805
8,6687213479513348712,29,73,501,49.68415300000015
8,99212271132412671383,33,73,418,30.487575000001016
8,10514473612310114142107,30,73,456,31.247378000000026
8,1213108611111029103112813,28,73,393,24.119432999999844
8,312133109959872128212,31,73,416,25.418041000000812
8,7212321389210493928,30,73,375,22.428099999999176
8,1111521214261311229766,29,73,479,45.37241399999948
8,2210413711214115138369,28,73,398,27.38281900000038
8,1161011131056751122686,32,73,502,56.75586900000053
8,1210512512339513483104,31,73,349,23.20801500000016
8,6108131214512435812988,27,73,418,36.19360500000039
8,611128131039467571158,28,73,450,45.831317000000126
8,1411116862132281210589,37,73,484,46.70376100000067
8,249789119214981114105,30,73,425,31.63477100000091
8,76631091291269141113125,35,73,420,32.54081100000076
8,3121484141010521493776,33,73,365,23.302167000001646
9,361014674622113911149614,39,82,494,49.243366000000606
9,1259117111381041494391297,32,82,467,45.994417999998404
9,9131171485310511714688314,42,82,506,54.8438929999993
9,22971261011274105494107,41,82,463,40.66208600000027
9,1211573121448412865411137,41,82,537,67.89101499999924
9,391491077711331129131356,40,82,451,47.390409999999974
9,385275146142441013111484,31,82,474,48.32308399999965
9,389124141224832136712136,29,82,529,47.87804700000015
9,13934713111356711514133211,36,82,511,47.34100600000056
9,33111451411536128711143711,36,82,562,60.8695459999999
9,1211212898912521411512292,31,82,453,44.21443399999953
9,2662102524891293731411,34,82,466,45.941037999999025
9,677341411881313101291014214,34,82,443,38.80382400000053
9,8321225131251453966659,35,82,480,56.31426900000042
9,12345539521121089117310,34,82,408,35.34726899999987
9,10311888671496669514812,34,82,464,61.948114999999234
9,1012127221196571272105123,44,82,509,54.30987299999833
9,84126993255146711951314,33,82,477,56.26321000000098
9,212613845827146118651112,35,82,566,70.96386399999938
9,67713101010298756111314814,37,82,475,45.482089000001
9,6335453142245123531411,33,82,490,48.20213999999942
9,1312469710714274510412311,27,82,466,40.567471000000296
9,41110856312812121314464102,45,82,508,54.67366200000106
9,7411124131411144235145262,37,82,471,48.67702500000087
9,81041431491021214514246313,34,82,415,25.305038999998942
9,26461023731061312106141212,36,82,435,36.997583000000304
9,24312139136131110457102118,40,82,429,34.88616000000002
9,2111411111471451135101261435,31,82,479,44.756585999999515
9,11952461012961495941172,32,82,427,44.112183999999615
9,324345131148955741333,39,82,480,48.45252299999993
9,10531114115610881210722814,28,82,458,46.96339099999932
9,131099146109122312577732,35,82,452,31.206192000001465
9,117111457812102812312114811,33,82,516,74.80861399999958
9,10511341039581371251412137,34,82,480,44.43695800000023
9,98126121435761414711126314,33,82,535,54.661645000000135
9,11142761085111210118449614,31,82,519,59.297803999999815
9,97211103314881035135242,30,82,458,40.09663999999975
9,5513121357121484103213529,33,82,438,42.42283300000054
9,91331347626411841353114,31,82,492,51.06713300000047
9,25414513214135767714828,39,82,522,58.261341000001266
9,121399105101381361092211410,58,82,428,30.606136000000333
9,11297810311681462111114105,28,82,536,52.557974999999715
9,56414111026987131214811142,37,82,515,54.444054000001415
9,1226121411212961114253955,41,82,486,56.31664599999931
9,104113978468141131226813,31,82,505,51.37018699999862
9,911610425148478294776,34,82,523,64.67386100000112
9,12121112121421314122210121251314,40,82,372,25.251288000001296
9,91471091196955125854210,31,82,474,44.73006300000088
9,41231310912116114578145710,45,82,462,47.33432399999947
9,28281011521191321214713112,28,82,462,42.09182200000032
9,2713212146261221012145652,39,82,474,46.8691859999999
9,13776128665241041211575,27,82,589,81.955602
9,3531114359211664249313,34,82,489,55.545256999999765
9,33438115441311138623106,33,82,478,50.90612599999986
9,53512451251011102624111413,31,82,409,40.49719200000072
9,31124411128379525116411,35,82,539,70.86767700000019
9,612610661186101074391184,38,82,556,71.77534300000116
9,2147106210132512821465116,29,82,494,42.75026400000024
9,82101010521321179142148912,29,82,436,35.195112000001245
9,11136882754982135414214,31,82,505,61.83979299999919
9,314281231391381244758613,29,82,479,48.07418099999995
9,33572143495114611513132,37,82,476,53.30519800000002
9,10383452311741194101292,37,82,447,41.054611999999906
9,128711713758422812512414,29,82,575,68.0164850000001
9,48134291181113710121112662,43,82,493,52.569799999999304
9,5713614121312828985913512,42,82,491,59.92524699999922
9,21185313148143975711599,35,82,485,54.977225000000544
9,1112133148101211786411121099,42,82,478,44.38731199999893
9,510104107810314545651166,35,82,478,52.628224000000046
9,3101131211121226512114541414,43,82,534,56.96675800000048
9,9610411101331310531442968,42,82,424,37.195764000000054
9,141298541343945128361410,43,82,471,38.82286400000157
9,233116118913101313753355,44,82,466,48.895078999999896
9,144101475141389461211210514,42,82,414,36.19825100000162
9,461113913546210881069710,39,82,476,45.5232449999985
9,8466312143476731381333,29,82,545,57.54393000000164
9,34293141112963131271413711,33,82,424,32.656300999999075
9,32513113108121412714583413,30,82,436,37.86080600000059
9,108989284961491421414107,37,82,423,34.17854200000147
9,1411134142610761312691421210,29,82,428,32.347711000000345
9,5514912131114614412126711147,40,82,503,53.59166300000106
9,441112414685410614712569,37,82,485,53.350148999999874
9,6210121314731151092912676,33,82,470,41.049974999999904
9,21021341113451463514712710,34,82,478,36.97287399999914
9,4141011411112222116681238,30,82,524,51.04454000000078
9,96144142106761125951022,33,82,406,40.80756899999869
9,71310138761152111281311276,25,82,512,64.56167199999982
9,42101082554933713281213,31,82,472,39.464238999999
9,41249381010111013710613131110,29,82,381,23.317039000001387
9,5922125914998814125131213,31,82,462,36.82509899999968
9,7124513293117731131151214,31,82,578,61.66885100000036
9,214814355111161312131013728,35,82,495,45.66981399999895
9,57813742548127101074310,40,82,516,55.26613999999972
9,111151414512141231486310566,37,82,488,55.42464099999961
9,77713131313102129671139712,31,82,479,45.222217000000455
9,78106785119510131042489,33,82,483,55.93775900000037
9,111476145579474101098114,33,82,470,50.767923999999766
9,9612137385139413121212472,40,82,504,48.01232499999969
9,75913911146781345146234,35,82,505,57.34527100000014
9,76112285108681449136113,33,82,537,76.03483500000038
10,2139932386126521277812512,44,91,586,67.52406200000041
10,1121261171313613311212138112118,30,91,587,88.12783599999966
10,581171410123710103147231310312,43,91,518,47.891373999998905
10,1039576811344982131410567,48,91,614,81.7124160000003
10,91281032991210147210103571214,32,91,434,32.34156499999881
10,1113310612371414121213741257146,34,91,568,68.20449999999983
10,31011814753791410118511141073,35,91,505,60.649341999998796
10,2131167665713114781198297,38,91,666,116.88041499999963
10,10134123421132101136132911412,51,91,507,45.937840999999025
10,411511771492373681410212711,34,91,547,69.64263000000028
10,743129121464108841214412273,43,91,559,57.88600700000097
10,13377147107761251081212441210,43,91,566,70.16207100000065
10,7105214128837111231446710103,37,91,552,64.24967999999899
10,78814785498739212210252,33,91,532,68.84122099999877
10,91168441210911114104441211612,43,91,566,66.9412629999988
10,99282213313109475136631010,41,91,481,36.6927480000013
10,8118101314122123334147149862,37,91,540,56.88339799999994
10,1013939376714211771113214126,44,91,535,59.39444399999957
10,853146457913413610722739,43,91,546,70.78143799999998
10,2741311771281371055145142108,39,91,538,71.90239099999962
10,9993983651366121167141156,41,91,558,80.80433099999937
10,1241410147934139142121151010114,43,91,484,36.10124800000085
10,2141081048263911125141322123,35,91,503,47.860851000001276
10,41469510107953105431458312,40,91,487,52.29378600000018
10,111212254131491472461164747,35,91,563,74.36358099999961
10,1311103116451113149681124638,47,91,547,80.10687400000097
10,2106510912117221311101413811912,44,91,504,51.73512999999912
10,6712122105114414514135893126,52,91,543,77.33410000000003
10,10895137122610449681431147,42,91,525,62.6682090000013
10,9101371142108893121051341074,36,91,483,43.482812000000195
10,81169431211146145692789119,41,91,558,81.8437759999997
10,34121114106596121348121186105,32,91,545,69.53088899999966
10,3586115514134115121333138147,41,91,581,85.75384900000063
10,31477121310314461311639134113,43,91,518,58.234691999999995
10,1451026929814148111023129147,40,91,520,52.3776770000004
10,111341214283102368387351211,42,91,612,77.13652000000002
10,73628148141012814214211105115,35,91,547,62.514954999998736
10,210117513125131012638714135213,46,91,618,76.42989500000112
10,5321111131331425561229261313,37,91,528,65.2346460000008
10,272111413881411121010212681326,44,91,574,69.08156400000007
10,277147410143511312148513337,35,91,586,71.79141399999935
10,3121431345144747125571212113,32,91,558,66.73057100000005
10,2713561465141091312121321413410,35,91,497,44.86640600000101
10,591185101312512484107512121312,37,91,545,68.10118499999953
10,214821065395723121211126126,38,91,573,68.49106200000097
10,411410649383127411621312310,50,91,579,62.036935000000085
10,141212712117131283132141311109117,45,91,545,69.21779900000183
10,72942286937101488511111412,37,91,590,75.53386699999828
10,43952413811913481084561214,40,91,528,58.94574199999988
10,12341476126128421075111111102,41,91,564,78.41497400000299
10,94101011256121112861061299811,40,91,507,59.7803270000004
10,14141091414581413413882131031310,37,91,428,29.606125999998767
10,31121086711131199131314510799,38,91,483,55.58700899999894
10,1111121021411131196101161182776,39,91,588,93.87908400000015
10,46589141214561166613771325,36,91,574,96.59664799999882
10,1114846114102133135399291112,39,91,541,61.68739999999889
10,141481028124511147959141210125,38,91,472,47.13754400000107
10,8498213656511121169101010102,32,91,475,50.8389210000023
10,976121412131214321411310116479,30,91,508,49.696162000000186
10,14651327513714105473539134,38,91,568,76.15562900000077
10,9757512131410812112712121071414,51,91,541,63.440206999999646
10,610119844143243131337271112,38,91,554,67.00450100000307
10,9108613527148814911101296117,44,91,538,63.197635999997146
10,111141413117119149914238102310,40,91,486,46.86221999999907
10,14782398296291114111212422,46,91,539,70.69271300000037
10,2111283144213981171298117102,44,91,560,70.72963400000299
10,4892146141013771271213121014114,45,91,571,61.276270000002114
10,986106871283122669117832,34,91,590,97.1876540000012
10,371466713710131031111111129710,36,91,559,68.3816939999997
10,291455291441310643291281312,43,91,490,47.73007499999949
10,995314141310414109103510141076,42,91,417,32.517980000000534
10,1311331191413712514127511913712,35,91,588,73.3010890000005
10,7101111314102101010512481312131110,39,91,442,42.31268500000078
10,51057738149121312213124912712,45,91,578,73.90002099999765
10,146210521134102117242101288,34,91,568,69.79560799999672
10,9781091410876131210413979612,43,91,524,62.21636099999887
10,2312354213325131054611865,42,91,602,82.48031099999935
10,122118101011121345101313948932,36,91,482,55.751046000001224
10,55131211771013237104710391114,42,91,562,72.12128500000108
10,1491393762489577131221145,46,91,533,75.42120200000136
10,12274383212634115213231112,36,91,545,65.03633199999967
10,1110958845111071213146311783,40,91,610,96.56413700000121
10,101311414149131325104210781054,37,91,484,43.9699729999993
10,13511101081112241074116659911,30,91,524,68.43785800000114
10,135812211581041493641162211,35,91,524,73.00400299999819
10,5121081114556337813425101114,41,91,536,84.04233999999997
10,4314112512114811912126627510,28,91,614,74.36764100000073
10,1314123143233512881421345613,36,91,541,59.52579700000206
10,102712119391491111755691069,34,91,575,67.81816400000025
10,121210933877933843714584,46,91,500,57.75119800000175
10,694281255115271181214101476,31,91,571,87.6595690000031
10,4611255101073312102109271214,45,91,469,50.623727999998664
10,4792114139551261010141011998,45,91,539,56.66343400000187
10,51313116961072511678992126,35,91,574,94.96223100000134
10,5733627829311147136101495,36,91,543,70.40270999999848
10,783277363131332123116957,39,91,539,85.66136799999731
10,14969412712391010228145872,46,91,512,60.63351699999839
10,6314483109112946146137874,52,91,583,80.21428000000014
10,10329698210108531371163413,34,91,505,56.38726999999926
10,6116312213614781331439271210,38,91,527,61.04586399999971
11,41091311101310482611314148425812,46,100,571,78.87248600000021
11,7711131357261311633141412121171412,36,100,676,123.16788000000088
11,610710667373610214691391221212,33,100,594,97.74669799999901
11,51443121114149247271053951079,49,100,565,81.63357099999848
11,14310142105963131475932324314,33,100,485,49.29745700000058
11,563353231014111251211844114113,42,100,588,97.73637099999905
11,91112628394310212812432411212,46,100,628,84.36379099999976
11,31071043141131236102911101032913,48,100,469,48.59410099999877
11,5125913712104214311431236141266,44,100,595,96.59764500000165
11,124971431011661433813102626122,40,100,567,83.27479500000118
11,51483108314146896333122931010,36,100,569,66.33831199999986
11,366512255266881211841221054,32,100,660,131.35593399999925
11,1041114251293116133913976133612,36,100,589,92.87079799999992
11,1081355610210451161161461225102,37,100,568,85.26866299999892
11,62613814714321011141412777131054,40,100,595,89.32116700000188
11,38121241338126109681210127913117,38,100,590,93.9094159999986
11,51410141141071487131010111010352212,49,100,511,58.76029700000072
11,101151054341061369341275631410,45,100,618,98.17415299999993
11,113116761341314471271124126694,52,100,674,118.80924099999902
11,9625493101145483738721425,42,100,620,94.9305600000007
11,81439141225610131088912146641011,40,100,594,69.71009799999956
11,39145314141212714141410212141227710,51,100,487,45.32257799999934
11,57313127453131259911311347122,40,100,627,95.95401199999833
11,135121045551249671413125210665,44,100,578,105.08471500000087
11,73111398614116782135810141141211,41,100,652,114.19144000000233
11,1429131335127124103531121413664,48,100,575,70.18713800000114
11,41210447103109399131483131314142,44,100,491,41.9682189999985
11,10214210414951414310137914291157,39,100,477,46.13180800000191
11,44891013121214413111014564211826,39,100,581,77.91844199999832
11,8133481141368976474425101214,52,100,655,121.66600699999981
11,1413637131010291371131321136131012,40,100,548,63.16970500000025
11,1476711713251210971152511101029,44,100,568,100.3666200000007
11,38211771413109286115351398312,37,100,555,92.13878599999953
11,4121345145146129115213128596311,43,100,605,93.50075299999662
11,21214581321114314101410672124935,41,100,513,66.87423999999737
11,3514511413567591255121312147127,55,100,642,145.68764900000315
11,911724312642614812856613765,37,100,675,133.8805739999989
11,8521173113513113411102109761213,36,100,574,102.50521200000003
11,91312131194961347871312211104108,41,100,549,67.26794800000062
11,1110812141012614956512829314686,40,100,630,105.3196199999984
11,5648251411362614631321379117,37,100,673,118.71003899999778
11,73391481151010334128131441481112,42,100,603,84.06190699999934
11,85116361112251014118101041259123,50,100,569,92.27456900000107
11,68826141134312132511129148432,39,100,620,97.2625029999981
11,22286142144101413146681347455,36,100,561,83.14852600000086
11,5149124514611611135135510108937,36,100,603,98.3844330000029
11,1411421471111116982648310481110,51,100,669,105.94159700000091
11,1181325913123123622847271483,44,100,631,96.7199589999982
11,1261124861099312913662648134,38,100,598,108.77934099999766
11,77122947341151426584673144,48,100,644,131.5481269999982
11,129814463125810127103461312692,54,100,681,91.61786800000118
11,142853129214848101035911551112,40,100,581,89.67393100000118
11,111195791161011121265643813526,46,100,676,136.5438069999982
11,11146910529991212331331010810118,45,100,503,50.16299599999911
11,594144971383466145813861397,37,100,648,101.79438799999843
11,9121189411611781374811814671013,44,100,653,123.8105140000007
11,514321232231351192912141391487,41,100,557,71.16120800000135
11,1111341412112147254596104111073,51,100,574,98.27988600000026
11,491381311513491376135129847143,38,100,597,87.52059100000042
11,913710453121438107137121271113119,39,100,596,72.67360499999995
11,85931039129142252666448813,44,100,629,104.15788299999986
11,49713381414729341334149311413,42,100,557,60.980741000003036
11,39147211103121411118132685414145,37,100,607,93.49719200000254
11,776214102854671341376121291011,35,100,637,106.76016900000104
11,10268101085547428613813118411,46,100,620,120.6349169999994
11,115713127328921329914713413137,47,100,586,91.92644099999961
11,1291013842143813101311414141431466,37,100,587,66.80384100000083
11,31212451192111013514811553411128,50,100,607,107.54114499999923
11,914661413101313278212114108441011,43,100,599,80.16251600000032
11,33111212973139661410131210212623,44,100,557,70.67929900000308
11,8913121110137101271491221147814145,53,100,568,81.46877300000051
11,89814513136641410764132912857,40,100,603,108.82417099999657
11,991371324812814141461261010761113,35,100,569,61.409983000001375
11,10131271412512115125141013714810498,38,100,502,68.2961350000005
11,6111311413929136141051381092966,42,100,536,75.38376000000062
11,14614125668837129812107851484,60,100,675,131.709479000001
11,8121114118899112621369111212826,39,100,647,134.47377199999755
11,251210512949134105310141111712912,33,100,493,59.34270999999717
11,31155241034213514914293613513,47,100,510,75.40199700000085
11,6121210117136131210111014121396142139,42,100,514,69.14973500000269
11,41314141386712117102148102739119,46,100,631,82.82196500000282
11,4142813349138213559758513513,46,100,623,106.37279900000067
11,299351392325941312104114101211,42,100,520,57.77232400000139
11,284941421314329119141161223713,44,100,566,64.30257399999755
11,114111481248713842125567112212,67,100,743,156.7931669999998
11,84142131161431474121012116471395,44,100,652,100.23135200000252
11,51351249131249412914611411212814,43,100,605,80.57668199999898
11,13252611812241010614227131210104,41,100,582,66.97890299999926
11,5811691483107871174137211322,40,100,698,137.1594530000002
11,311135101158522641052221421313,34,100,551,81.68903299999874
11,499568713117213413814771210143,44,100,635,97.17055499999697
11,512512837813634231431310314710,42,100,607,88.10807700000078
11,72511514943510107713811310889,44,100,625,98.70085100000142
11,312814541041184585138611137127,39,100,693,119.70257899999706
11,9101114761391181271210851010213210,42,100,565,63.19059300000299
11,142256877210711610267626144,35,100,702,121.14909400000033
11,1446714881014143261313384111265,47,100,662,102.85948399999688
11,95213102131213614479454522142,46,100,560,70.21962200000053
11,413378112914661462101351437138,50,100,652,98.04482199999984
11,683141112613414141222211714911135,41,100,613,93.34630000000107
12,24672141454443991412125144137138,47,109,656,95.90640200000053
12,1311145812131210125339121013673142210,39,109,529,66.80502400000114
12,14414238312124147111043911789365,51,109,658,98.2893499999991
12,1349114745312533101047510459310,47,109,615,91.92472300000009
12,10751242113131394861412133101423125,50,109,628,98.36114699999962
12,991151121471456131128369614212125,48,109,714,131.50955500000055
12,12109264813871213253646681413914,52,109,731,131.35267999999996
12,68624339341111410107131310141341010,40,109,567,70.55433800000174
12,101013410122710431411105611681343124,46,109,567,74.71984000000157
12,24769126522111112144212741311131213,49,109,736,136.65901900000244
12,61248107137510321044811413769132,43,109,675,113.96391000000222
12,89961214671491356132622133513132,34,109,608,88.38724899999943
12,12447116511569914413727122310310,38,109,593,93.6501010000029
12,11101476285212125811739321352114,45,109,658,129.74282900000253
12,116595122412145141322146138371442,48,109,669,127.89088800000172
12,61221031041189121172584941126911,53,109,731,145.68623300000036
12,41112910131499377101398352441357,42,109,641,94.67803099999946
12,2448812133108256541110642116132,40,109,737,134.32810099999915
12,312522241012912593116131161251234,41,109,669,96.5343529999991
12,3131096326212871068128331281332,44,109,707,107.88061900000321
12,1214963124112108111011111010132311562,50,109,625,89.5710680000011
12,14104614894143101013311525731213710,44,109,626,89.53930300000138
12,21327101344610138113731110839539,44,109,596,84.84361400000125
12,121491294841165122531322611112117,46,109,662,123.4867770000019
12,79261112486116761011133121421310314,50,109,706,130.39291299999968
12,313310129669134936211391229936,43,109,606,75.54663500000242
12,6710775131335146221253571055103,48,109,675,146.65151200000037
12,32117121494118212212451311824876,37,109,693,130.54657800000132
12,119101146141112366141081067737599,50,109,694,138.97775199999887
12,9145101414122121214331176141310545613,42,109,569,79.84916100000555
12,96114514914994126713144147863103,51,109,654,98.21470299999783
12,1013699121411149926391311472712134,40,109,570,73.86680099999649
12,138131010910147861413115119224115119,39,109,590,94.5603059999994
12,21229784113784118721341112291212,50,109,717,125.77265800000168
12,1211128269271112287389913149953,41,109,653,133.6732140000022
12,91011614989821192109127124346612,36,109,668,103.8153020000027
12,2886102612828712714122414311898,51,109,711,148.45215500000631
12,1111912681161381071410910812135138711,54,109,664,152.72872199999983
12,2671271291139104111199144135117810,37,109,699,128.56682
12,521123411588131039124108751210814,49,109,682,122.18140200000198
12,96111414113410104212661461184125116,40,109,629,111.65888000000268
12,12101274114114102812310291461481234,36,109,614,85.7568969999993
12,11108431351112121414210771021210271111,42,109,660,93.00510799999756
12,8581078256104131014581014143123514,56,109,634,111.32784099999844
12,57914613514410121112881310814793913,39,109,629,94.33077100000082
12,436471259912391089952741451111,44,109,653,111.68734300000506
12,731110821413848824101211121471211115,42,109,703,130.1391569999978
12,9109137118119631313144294112101387,56,109,634,96.08517900000152
12,813681324510811412139101271089736,46,109,683,120.34243399999832
12,1410282111051331071074913512353314,44,109,666,89.56169200000295
12,11311410671234628121451161098745,43,109,733,171.40630399999645
12,112101051171161143102411246346711,33,109,671,137.79515399999946
12,1182612714111214141014771110128333210,48,109,625,96.18653199999972
12,874612111351212484211765102414910,46,109,680,134.8437619999968
12,101081151358876331014910512611654,40,109,647,133.3745839999974
12,47377273111297143122551231014146,45,109,667,126.43275700000231
12,13895131212910131111737101066773107,43,109,572,85.53995600000053
12,1491035121291113141391245116859733,40,109,605,93.39628900000389
12,623101241261113123676371051477115,40,109,701,137.0738229999988
12,6321214846913141454910289586610,43,109,667,99.05193499999586
12,51195510651182613571471491289144,40,109,693,146.04944899999828
12,12144511974144995103681314610141313,38,109,583,78.16794200000004
12,111310595841014757510521334126510,60,109,632,110.7376860000004
12,438963541056782542138314335,50,109,694,141.44236599999567
12,9128614111083142107911111010125212125,42,109,589,97.03664900000149
12,1434631084991246126149783124116,48,109,672,107.732514000003
12,1382145109141441113121010713116141013411,40,109,610,75.74390100000164
12,1032101249613213966122410792466,36,109,585,73.8777459999983
12,4112131310644131022125129210493813,46,109,601,78.72895499999868
12,389613788910121011210210712141012311,43,109,612,92.87077799999679
12,677710751437391213336451369811,38,109,697,157.54756300000008
12,91314414121376361311121414631413312514,36,109,607,77.70279899999878
12,101494910123144295310148831021237,55,109,548,55.80544799999916
12,1191113147378491311887673612394,51,109,746,168.49006299999746
12,11876212114107575438107145510112,53,109,715,151.2055640000035
12,1213471085410111244813144866581314,50,109,644,132.93930900000123
12,14621186143106821113118366481039,58,109,756,153.07014699999854
12,610811927314775101010145591421275,41,109,610,103.82014399999753
12,25764612614117511561111111474131413,52,109,820,209.74910799999634
12,4311612116445610228103122111213129,64,109,670,125.8883879999994
12,61454111271313411131448791037102118,40,109,623,106.90678099999786
12,3714127921085104914251010109103119,58,109,509,62.19847899999877
12,136456351372101012121110141151121426,38,109,638,110.09668000000238
12,131411699115139310211146412611131279,49,109,640,107.7754849999983
12,41314312989112131412843910883788,51,109,637,108.35772500000166
12,425464341414133111048102128814711,52,109,695,111.07790499999828
12,21121410962101494588141314141242104,45,109,585,71.77891700000328
12,713426913612713912999141442431012,38,109,606,73.97640599999431
12,214882296957149142514453131288,40,109,686,118.23877599999832
12,8341413692254221113115114101211611,54,109,671,131.9882179999986
12,1086614131181098314881043121043814,44,109,650,94.26466300000175
12,351338272961213111413131313971413143,47,109,610,90.3908470000024
12,5588118147131436132135141314103727,48,109,712,131.07115599999815
12,610291177410107101031310116588249,42,109,652,101.95935699999973
12,121458912212121339144712794134728,43,109,678,114.0521910000025
12,53914866710122210629108353237,36,109,623,101.48383199999807
12,1289710955115113731412118774939,51,109,732,138.1625400000048
12,1372311311844971078235103107313,43,109,628,102.83858499999769
12,11143101410141312136583121264310614114,45,109,598,80.94065899999987
12,61421341287116131251489667271069,44,109,701,132.8246880000006
13,4214597761110210661023131410326575,55,118,713,142.20146700000623
13,31110141121481071361011141021112144966115,44,118,703,124.09164400000009
13,456597973261221261226461284565,41,118,800,223.15043399999558
13,791310991356102931021499284464210,52,118,602,84.92956799999956
13,4746437141281492913312144713114552,45,118,731,149.88304400000197
13,5128439213231425136961452811911710,49,118,706,138.82290099999955
13,1410447974214811117111312956134412137,47,118,735,152.66718600000604
13,910867711310121222811713101421478111014,44,118,682,117.55482499999925
13,13118584109412691213281314512117521213,57,118,744,158.06509600000572
13,147461144131096310128311136141094864,45,118,700,130.50629800000024
13,763122141131439781312351268421112512,45,118,769,163.67784199999733
13,231413811613367891114149146111153141213,50,118,755,159.2455639999971
13,814613134138141246524839112104914514,39,118,670,120.35864500000025
13,663491247131052271261211643131321413,53,118,791,164.3076329999967
13,98121011361028101457114325887214311,54,118,773,161.635242999997
13,10814869147139142210132797913212993,56,118,695,132.61632200000167
13,6131014610851361221413213136148149871411,59,118,703,148.9971680000017
13,1255111212431310265611514311898119124,43,118,712,174.35989500000142
13,101245137913371251244310712214111011311,47,118,665,119.02820700000302
13,712128882891212613941310241313341366,57,118,760,178.30193600000348
13,413888313971211136118141241442298911,65,118,761,184.22235299999738
13,7612692119411971391171224126445513,52,118,775,185.61910000000353
13,6211145134667117612610111124118115134,43,118,786,234.29024899999786
13,111081313212121078891212141314101267127613,44,118,692,126.12273000000278
13,9914108119877314141034137447259117,43,118,733,137.14539800000057
13,4811314212142710661012106734411101333,41,118,704,120.78413700000237
13,1012525914713871439974118119494132,47,118,671,128.10706899999786
13,10513687712147964581237467610852,48,118,837,213.00898299999972
13,87495514312313910361210955125101263,52,118,743,142.88644500000373
13,51413325112814910148491391161113631413,42,118,666,113.07798800000455
13,512109261212123288813141413514514111198,62,118,735,167.07741899999382
13,31043741214711103912143912861110101457,49,118,624,93.16048099999898
13,67254811262811131389971010281011814,48,118,732,158.5234879999989
13,610121339310213129841211225211121381214,39,118,661,103.23499499999889
13,81181245671361085127511352111210121413,46,118,760,205.1615690000035
13,123141313291112111424111214844102836114,45,118,703,105.46398000000045
13,3141393853213142212813671185141413137,54,118,706,129.26209700000618
13,267117881197101125101225461412471413,60,118,819,205.16649799999868
13,293124413211781410142125210999115210,50,118,658,93.27915800000483
13,8791351114102664513101145109144137414,49,118,673,132.24502899999788
13,73867124433111476111113121410394495,46,118,716,168.45689900000434
13,1061141131241113412113121113103612855119,47,118,745,182.43641000000207
13,94214121112425144106141387741394297,53,118,733,137.502585000002
13,4410813131128112541165855866111295,47,118,888,247.48176899999817
13,11111110743841261212104481111141499763,55,118,755,197.3815309999991
13,236433683324826103914212467149,45,118,723,123.82514500000252
13,82414732131221421179699513212112813,50,118,688,137.60944200000085
13,3281331231313147141012141412913610893107,47,118,671,86.9493300000031
13,5641154541111149912337141412461410123,52,118,742,154.09846400000242
13,4351335311112135121021221414131110132142,47,118,655,108.98533799999859
13,81233591391475118931012441210291193,42,118,659,112.35466900000029
13,41071413538259115363310111414212386,47,118,674,138.86405099999683
13,69310814111212476361054313811624910,46,118,723,140.6703320000015
13,7798126259131454224101213310993313,58,118,728,128.65741400000115
13,913334712766124410121413741210471185,47,118,743,125.18202100000053
13,144111211142543494311931288284101412,50,118,762,122.82240200000524
13,814681414210711121288147978311229129,52,118,726,174.134321000005
13,7122813810101414773104944679133286,50,118,717,141.3810749999975
13,73131311862214711388111471376310698,44,118,778,188.55158999999549
13,121114279132481441423451479111114424,42,118,724,124.93383500000346
13,14557413513103105314251324129785412,48,118,679,143.2940080000044
13,12212124347121241381288513979101414135,54,118,728,131.1374319999959
13,68210451369135814119331451045119149,55,118,653,126.16264800000499
13,853322545241213610310821411141412413,55,118,680,116.20754999999917
13,3102376688212141131426661410771127,49,118,762,181.9863370000021
13,102711767138213587612481213269141212,53,118,781,194.52051299999584
13,10142591149310414792610267684662,57,118,734,147.84112200000527
13,3912122131077122810141081261312612913129,43,118,637,93.88512600000104
13,411126611111066337671068891141313913,46,118,725,199.35012899999856
13,51461291071143149482133642535101112,56,118,707,137.7690670000011
13,46142641121368129291111121114118139610,41,118,704,152.21178299999883
13,813461387281213111310354145103121210311,56,118,713,114.47765000000072
13,92895713148131321291222111310126510912,38,118,622,105.49953700000333
13,131271471010118121479610112752371391013,47,118,641,121.7423140000028
13,782121212131156139561158121435324125,41,118,737,172.97782000000007
13,112127413891410111131333563265149127,52,118,703,150.0138320000042
13,271313438145810456437433101212131214,43,118,751,127.65909300000203
13,145914614131314104101281181382123912111411,39,118,651,111.22102799999993
13,814714751271461291421461412121281131348,44,118,712,131.83175699999993
13,3107101121411968311105512121227212836,43,118,731,145.58190000000468
13,771164431296659513341462212441410,50,118,771,176.29973299999983
13,48838451211101214436210111292612297,65,118,776,170.58753499999875
13,621312121485111271011974364712471338,44,118,830,195.13766800000303
13,2298413104738513336771075310339,39,118,711,126.72762599999987
13,412101014105813914513751034612121269414,62,118,651,99.83950500000356
13,2614873991423131161013310943381248,42,118,670,121.33563800000411
13,9812138129411121313369414101212101281328,50,118,692,109.93296299999929
13,831114144143310111481247631159621186,52,118,786,177.00089899999875
13,121310591499661210432374512121441492,38,118,667,98.8264530000015
13,238118539103132348108101114441361211,55,118,714,139.4412450000018
13,136139310313751012471139481122891011,47,118,661,113.26964299999963
13,1413571258103414611139138118121037242,43,118,768,163.14627199999813
13,1261451312911126583136214121092291327,49,118,673,123.25556900000083
13,711111175312106121213610104748121314848,61,118,781,197.9845260000002
13,111263510111413144134713146131411342646,40,118,680,134.48676400000113
13,8824536378254116714731281491198,57,118,769,192.15127999999822
13,913754352111076111411210146121499775,45,118,699,149.41651800000545
13,8271154131128491369661031211724213,38,118,773,186.06681099999696
13,8121473101349510714812267836292312,42,118,772,137.36822699999902
13,995788459631113101114913962103745,41,118,735,157.07722799999465
14,13293626312111312211147134321411512771413,51,127,803,180.44776999999885
14,1471494814613574385121010109131334814413,59,127,683,146.8823390000034
14,10693141079514126748145134121211714231212,51,127,777,158.38821199999802
14,811116101461365671312446142231133131335,47,127,804,206.5481660000005
14,31071448812649135596923914432121085,56,127,829,188.17978700000094
14,651311599212347611116139131311147810555,51,127,826,214.8940070000026
14,1246141478848913111213641212138101314131043,58,127,774,183.39294199999858
14,78141387710141213121014813610131181213101391310,48,127,722,125.83425600000191
14,111261231221166489131210213148126106142910,50,127,785,168.54374900000403
14,5379544982127314481149136412271287,47,127,871,236.75619999999617
14,61412115122111311101235483921410244213118,48,127,737,175.91645900000003
14,911106931139119313523141129666241076,70,127,763,181.91886499999964
14,55679714146384103133210141212610131021214,52,127,710,149.65736300000572
14,461014131281429859411111157893109411213,52,127,742,181.25695699999778
14,14112143126642143131411869511914135231113,47,127,722,147.16889000000083
14,41244210111073148113121391381110510727114,62,127,763,169.17081899999903
14,254101071377138831464234113611117858,57,127,873,279.5459319999936
14,1114861114127349521131312571261297712128,58,127,857,262.00961399999505
14,87141321099759939921310271311122411412,47,127,758,129.039678000001
14,128149121351266391410812924414471066611,53,127,781,185.7505369999999
14,12538712107714135643141246138121110141427,48,127,828,201.18833399999858
14,3414121065744962141024148141291012612113,57,127,727,159.76777299999958
14,39656313889668684592336386928,53,127,885,279.1490769999946
14,121291210128121338651335118144512498111012,54,127,761,178.18145099999674
14,106105836101423310143134991310108710141113,42,127,608,93.38317000000097
14,1242141039946681075210414913510131310125,46,127,712,117.59866000000329
14,14114121411844785447978111046769972,49,127,828,242.15324300000066
14,242521378101112231464445661089512136,48,127,816,218.65365400000155
14,94581311846521231096864751491013735,48,127,773,208.37636300000304
14,31339310492101014148613728210313117264,48,127,724,116.58662300000287
14,899793324136411277671299851154310,58,127,855,220.75141499999881
14,4145913107210267101194131213921082671411,52,127,767,166.25667600000452
14,23114132106721310107221235936633927,52,127,771,166.1088810000001
14,8496927311111012122147455812381014362,53,127,736,189.80931299999793
14,134733145141131066349279314997312912,48,127,753,158.15122800000245
14,1310814146411310227101261451074931071188,52,127,699,154.39981799999805
14,131212510149543141071265895146810101211145,57,127,716,165.59549600000173
14,53521071413459212866486491251188103,57,127,804,224.6205820000032
14,3813614828141254213681014131031441213673,53,127,806,191.4839709999942
14,1010121152588489772131413141496510511414,47,127,709,180.4448870000051
14,5939891161252255141124911410482364,59,127,742,174.34216499999457
14,39141238612291381142810108101485810111414,63,127,723,141.2996340000027
14,11313104713214314959136771273127109462,50,127,784,151.2887219999975
14,145914128513821046511111067241041213121013,57,127,749,185.63689299999533
14,28699696143911126671312122512147814912,55,127,807,209.12619699999777
14,8104123298610136613413812149659636115,63,127,803,209.0024029999986
14,36665112539358921410139108431041234,48,127,724,162.88133400000515
14,1312713841158811101023331210356121236411,62,127,790,195.0784030000068
14,513814214932124251214101443654664131312,48,127,756,147.2910699999993
14,677135146910442381112414237511581477,50,127,873,238.15545399999974
14,810296413741431241171114137101213131312989,50,127,746,156.80177700000058
14,6116861111107712994131411141152342511144,54,127,919,292.7079589999994
14,8121128311141235141112107410210121413741238,49,127,711,133.43829299999925
14,131121114551491452510614111211111212691431110,63,127,783,184.56235200000083
14,1411914136131010544101313124107137711123382,56,127,702,135.64155599999503
14,12133101013312539613769613346314772314,50,127,701,142.64332699999795
14,5477101377423312581291152911548121013,62,127,774,197.25783899999806
14,13109388898737125126104552142813383,67,127,826,217.5065590000013
14,7122613111013131171314264127851010328141314,56,127,754,168.7849900000001
14,731391181313141279146710961341313652332,44,127,792,165.56854100000055
14,951212512126114147812513391486312952814,68,127,784,209.34210300000268
14,1241293514992345648101288125489141311,51,127,809,174.75445599999512
14,323451164121412142212510611310423104135,42,127,737,138.1367489999975
14,14125286131014513211313121381271053295611,50,127,749,165.43695899999875
14,3131311126105931010111191114511131224105936,53,127,679,143.8305229999969
14,7327101277287137473231145101176573,55,127,876,294.38856300000043
14,1411141311142411133137212925443961111959,51,127,720,183.9464900000021
14,864125141091281110111482118513136113412135,50,127,760,211.69364599999972
14,14813711126449839132131062126421014479,48,127,756,169.86389399999462
14,81187613864133571139684512761481124,44,127,901,316.10833200000343
14,3914571196139359221313993123211131324,46,127,723,134.76492600000347
14,3513131025313101042714711112114599119104,54,127,717,137.43046000000322
14,12101112131311136999498510639144712125514,51,127,694,153.98643599999195
14,3121451287451373910634613142411131310610,59,127,734,168.95980899999267
14,93610133639513119949841012811101014131014,60,127,657,109.92300499998964
14,93381342871021358123831261010931371014,56,127,663,118.04696100000001
14,134141297914581361181288141211214495469,66,127,814,198.6006960000086
14,3491294891021464131383111026791282612,54,127,832,157.3814490000077
14,4451412121113611148121214714393131441391344,48,127,768,175.96710399999574
14,4101311123471481213141236113611314541111119,42,127,797,174.30112499999814
14,1121213678213122713695223212112111012129,61,127,772,196.4404910000012
14,31364127721112632132891110297611414414,59,127,791,208.15058899999713
14,8714124711312114137781011118256912131256,46,127,863,250.0985059999948
14,612149534513513241413714510948411914912,43,127,722,155.90763299999526
14,41289113823131267111121498133988391012,50,127,714,167.4325220000028
14,413951275913211141471132466101311108699,48,127,735,171.72860700001183
14,51325106133263131110102113111211101491211514,53,127,723,149.1180999999924
14,7571110129124210118141410131024779675413,55,127,809,185.1049090000015
14,761014144133139753138141471028622512512,50,127,725,150.99457599999732
14,11141434102410911421231041141344866626,52,127,832,176.66438400000334
14,10129911106102108913943681241173211299,49,127,701,135.68121199999587
14,281361461431332144131011911363723611413,42,127,772,171.7671410000039
14,141281441241291031071211111098131283710483,54,127,715,140.73427000000083
14,103131213713755471113662118116109149111010,49,127,753,165.76872600000934
14,1111411116212913426954312781010710610114,46,127,765,206.67648100000224
14,14106121181212132475812941010694813471014,61,127,758,169.3050729999959
14,6610326312128613137146213144631033886,48,127,819,198.18311699999322
14,71269101414114961012131451221312115561361010,40,127,693,143.89425899999333
14,3131338812121314221297872645431110564,51,127,804,178.3448919999937
14,1386262141111614410361166141437105414513,64,127,803,211.94413099999656
